{"count":1,"self":11147.419648,"total":11786.152263799999,"children":{"AgentResetIfDone":{"count":269233,"self":2.2216792,"total":2.2216791,"children":null},"AgentSendState":{"count":269233,"self":1.2945917,"total":1.4090764999999998,"children":{"CollectObservations":{"count":38461,"self":0.1144848,"total":0.1144848,"children":null}}},"DecideAction":{"count":269233,"self":492.07208959999997,"total":614.2368997,"children":{"AgentInfo.ToProto":{"count":38461,"self":2.1419688,"total":122.1648098,"children":{"RenderTexSensor.GetCompressedObservation":{"count":38461,"self":120.02283519999999,"total":120.02284089999999,"children":null}}}}},"AcademyStep":{"count":269233,"self":0.5606549,"total":0.5606549,"children":null},"AgentAct":{"count":269233,"self":20.303244799999998,"total":20.303244799999998,"children":null}}}