{"count":1,"self":28.1625728,"total":30.843313799999997,"children":{"AgentResetIfDone":{"count":688,"self":0.003967,"total":0.003967,"children":null},"AgentSendState":{"count":688,"self":0.0039596,"total":0.0039596,"children":{"CollectObservations":{"count":36,"self":0,"total":0,"children":null}}},"DecideAction":{"count":688,"self":2.2674103999999997,"total":2.3752291,"children":{"AgentInfo.ToProto":{"count":36,"self":0.0070038999999999995,"total":0.10781879999999999,"children":{"RenderTexSensor.GetCompressedObservation":{"count":36,"self":0.1008149,"total":0.1008149,"children":null}}}}},"AcademyStep":{"count":688,"self":0.0009983,"total":0.0009983,"children":null},"AgentAct":{"count":688,"self":0.2955903,"total":0.2955903,"children":null}}}