{"count":1,"self":24936.4758528,"total":26370.323272499998,"children":{"AgentResetIfDone":{"count":605086,"self":4.8011232,"total":4.801123,"children":null},"AgentSendState":{"count":605086,"self":2.9334312,"total":3.1975495,"children":{"CollectObservations":{"count":86440,"self":0.2641184,"total":0.2641184,"children":null}}},"DecideAction":{"count":605086,"self":1107.9217151999999,"total":1382.4590710999998,"children":{"AgentInfo.ToProto":{"count":86440,"self":4.7326207999999994,"total":274.5373371,"children":{"RenderTexSensor.GetCompressedObservation":{"count":86440,"self":269.8047232,"total":269.8047161,"children":null}}}}},"AcademyStep":{"count":605086,"self":1.2079696,"total":1.2079696,"children":null},"AgentAct":{"count":605086,"self":42.181391999999995,"total":42.1813929,"children":null}}}