{"count":1,"self":47074.8463104,"total":54216.142762899995,"children":{"AgentResetIfDone":{"count":1187311,"self":9.200004,"total":9.2000037,"children":null},"AgentSendState":{"count":1187311,"self":3.8636915999999997,"total":4.0165441,"children":{"CollectObservations":{"count":60888,"self":0.1528526,"total":0.1528526,"children":null}}},"DecideAction":{"count":1187311,"self":761.82016,"total":905.2202722,"children":{"AgentInfo.ToProto":{"count":60888,"self":2.8543667999999998,"total":143.4001107,"children":{"RenderTexSensor.GetCompressedObservation":{"count":60888,"self":140.5457408,"total":140.5457438,"children":null}}}}},"AcademyStep":{"count":1187311,"self":2.5186526,"total":2.5186526,"children":null},"AgentAct":{"count":1187311,"self":6220.3375615999994,"total":6220.3373838,"children":null}}}